{"cameraMode":{"drawMode":0,"name":"Shaded","section":"Shading Mode"},"sceneLighting":false,"audioPlay":false,"sceneViewState":{"showFog":true,"showMaterialUpdate":false,"showSkybox":false,"showFlares":true,"showImageEffects":true,"showParticleSystems":true},"in2DMode":false,"pivot":{"x":-0.8418674468994141,"y":-1.654834508895874,"z":0.5962429046630859},"rotation":{"x":0.2562005817890167,"y":0.3663489520549774,"z":-0.10566932708024979,"w":0.8882598876953125},"size":9.023857116699219,"orthographic":false}