{"cameraMode":{"drawMode":0,"name":"Shaded","section":"Shading Mode"},"sceneLighting":false,"audioPlay":false,"sceneViewState":{"showFog":true,"showMaterialUpdate":false,"showSkybox":false,"showFlares":true,"showImageEffects":true,"showParticleSystems":true},"in2DMode":false,"pivot":{"x":-0.055759429931640628,"y":-0.16601181030273438,"z":0.6743621826171875},"rotation":{"x":-0.20064480602741242,"y":0.3298848271369934,"z":-0.07197236269712448,"w":-0.9196467399597168},"size":200.05186462402345,"orthographic":false}