{"cameraMode":{"drawMode":0,"name":"Shaded","section":"Shading Mode"},"sceneLighting":true,"audioPlay":false,"sceneViewState":{"showFog":true,"showMaterialUpdate":false,"showSkybox":false,"showFlares":true,"showImageEffects":true,"showParticleSystems":true},"in2DMode":false,"pivot":{"x":0.000133514404296875,"y":4.378401756286621,"z":5.202230453491211},"rotation":{"x":0.06960229575634003,"y":0.8037309646606445,"z":-0.0959436297416687,"w":0.5830817818641663},"size":87.57727813720703,"orthographic":false}