{"cameraMode":{"drawMode":0,"name":"Shaded","section":"Shading Mode"},"sceneLighting":false,"audioPlay":false,"sceneViewState":{"showFog":true,"showMaterialUpdate":false,"showSkybox":false,"showFlares":true,"showImageEffects":true,"showParticleSystems":true},"in2DMode":false,"pivot":{"x":-0.01578560471534729,"y":0.07467277348041535,"z":0.40744560956954958},"rotation":{"x":-0.04475899413228035,"y":0.15314756333827973,"z":-0.006943839602172375,"w":-0.9871696829795837},"size":1.908332347869873,"orthographic":false}