{"cameraMode":{"drawMode":0,"name":"Shaded","section":"Shading Mode"},"sceneLighting":false,"audioPlay":false,"sceneViewState":{"showFog":true,"showMaterialUpdate":false,"showSkybox":false,"showFlares":true,"showImageEffects":true,"showParticleSystems":true},"in2DMode":false,"pivot":{"x":0.6376426815986633,"y":1.398094892501831,"z":-1.0767011642456055},"rotation":{"x":0.04599658027291298,"y":0.8969982266426086,"z":-0.09617433696985245,"w":0.42900991439819338},"size":2.072892427444458,"orthographic":false}