{"cameraMode":{"drawMode":0,"name":"Shaded","section":"Shading Mode"},"sceneLighting":false,"audioPlay":false,"sceneViewState":{"showFog":true,"showMaterialUpdate":false,"showSkybox":false,"showFlares":true,"showImageEffects":true,"showParticleSystems":true},"in2DMode":false,"pivot":{"x":0.7491129636764526,"y":-0.3851402997970581,"z":0.004640072584152222},"rotation":{"x":0.12810774147510529,"y":0.7836331725120544,"z":-0.17220249772071839,"w":0.5829808115959168},"size":1.2925844192504883,"orthographic":false}