{"cameraMode":{"drawMode":0,"name":"Shaded","section":"Shading Mode"},"sceneLighting":false,"audioPlay":false,"sceneViewState":{"showFog":true,"showMaterialUpdate":false,"showSkybox":false,"showFlares":true,"showImageEffects":true,"showParticleSystems":true},"in2DMode":false,"pivot":{"x":-54.647945404052737,"y":1.7389018535614014,"z":50.843563079833987},"rotation":{"x":-0.05242785066366196,"y":0.6519612669944763,"z":-0.045250896364450458,"w":-0.7551047205924988},"size":1.4134528636932374,"orthographic":false}