{"cameraMode":{"drawMode":0,"name":"Shaded","section":"Shading Mode"},"sceneLighting":true,"audioPlay":false,"sceneViewState":{"showFog":true,"showMaterialUpdate":false,"showSkybox":false,"showFlares":true,"showImageEffects":true,"showParticleSystems":true},"in2DMode":false,"pivot":{"x":-0.7571868896484375,"y":-0.20660400390625,"z":0.22835922241210938},"rotation":{"x":-0.18088743090629579,"y":0.3884696662425995,"z":-0.07806411385536194,"w":-0.9001589417457581},"size":281.9931335449219,"orthographic":false}