{"cameraMode":{"drawMode":0,"name":"Shaded","section":"Shading Mode"},"sceneLighting":true,"audioPlay":false,"sceneViewState":{"showFog":false,"showMaterialUpdate":false,"showSkybox":false,"showFlares":false,"showImageEffects":false,"showParticleSystems":false},"in2DMode":false,"pivot":{"x":9.755012512207032,"y":-39.464500427246097,"z":19.782569885253908},"rotation":{"x":-0.4196113348007202,"y":0.31006449460983279,"z":-0.1551012545824051,"w":-0.8388873934745789},"size":188.75128173828126,"orthographic":false}