{"cameraMode":{"drawMode":0,"name":"Shaded","section":"Shading Mode"},"sceneLighting":false,"audioPlay":false,"sceneViewState":{"showFog":true,"showMaterialUpdate":false,"showSkybox":false,"showFlares":true,"showImageEffects":true,"showParticleSystems":true},"in2DMode":false,"pivot":{"x":-0.20842194557189942,"y":-0.04788592830300331,"z":0.07736320793628693},"rotation":{"x":-0.06468957662582398,"y":0.3561829626560211,"z":-0.024726426228880883,"w":-0.9318470358848572},"size":0.7164580225944519,"orthographic":false}