{"cameraMode":{"drawMode":0,"name":"Shaded","section":"Shading Mode"},"sceneLighting":true,"audioPlay":false,"sceneViewState":{"showFog":true,"showMaterialUpdate":false,"showSkybox":false,"showFlares":true,"showImageEffects":true,"showParticleSystems":true},"in2DMode":false,"pivot":{"x":16.863279342651368,"y":2.5100276470184328,"z":-3.1950323581695558},"rotation":{"x":0.10677341371774674,"y":0.755242109298706,"z":-0.12715810537338258,"w":0.6341069936752319},"size":34.64898681640625,"orthographic":false}