{"cameraMode":{"drawMode":0,"name":"Shaded","section":"Shading Mode"},"sceneLighting":false,"audioPlay":false,"sceneViewState":{"showFog":true,"showMaterialUpdate":false,"showSkybox":false,"showFlares":true,"showImageEffects":true,"showParticleSystems":true},"in2DMode":false,"pivot":{"x":-0.004785612225532532,"y":0.0016727745532989503,"z":0.4984453320503235},"rotation":{"x":-0.15527649223804475,"y":0.5039008855819702,"z":-0.09263717383146286,"w":-0.8446292281150818},"size":1.908332347869873,"orthographic":false}