{"cameraMode":{"drawMode":0,"name":"Shaded","section":"Shading Mode"},"sceneLighting":false,"audioPlay":false,"sceneViewState":{"showFog":true,"showMaterialUpdate":false,"showSkybox":false,"showFlares":true,"showImageEffects":true,"showParticleSystems":true},"in2DMode":false,"pivot":{"x":0.22699926793575288,"y":-0.16999995708465577,"z":0.6660000681877136},"rotation":{"x":-0.24519000947475434,"y":0.31922417879104617,"z":-0.08588273823261261,"w":-0.911378800868988},"size":0.41645821928977969,"orthographic":false}