{"cameraMode":{"drawMode":0,"name":"Shaded","section":"Shading Mode"},"sceneLighting":false,"audioPlay":false,"sceneViewState":{"showFog":true,"showMaterialUpdate":false,"showSkybox":false,"showFlares":true,"showImageEffects":true,"showParticleSystems":true},"in2DMode":false,"pivot":{"x":18.206890106201173,"y":0.10971042513847351,"z":-1.1318128108978272},"rotation":{"x":-0.06908226758241654,"y":0.6681126952171326,"z":-0.06252296268939972,"w":-0.7382063269615173},"size":2.4851326942443849,"orthographic":false}