{"cameraMode":{"drawMode":0,"name":"Shaded","section":"Shading Mode"},"sceneLighting":false,"audioPlay":false,"sceneViewState":{"showFog":true,"showMaterialUpdate":false,"showSkybox":false,"showFlares":true,"showImageEffects":true,"showParticleSystems":true},"in2DMode":false,"pivot":{"x":20.768043518066408,"y":0.8957024812698364,"z":-3.3732709884643556},"rotation":{"x":-0.08238411694765091,"y":0.49040740728378298,"z":-0.04663512483239174,"w":-0.8663371801376343},"size":1.5819876194000245,"orthographic":false}