{"cameraMode":{"drawMode":0,"name":"Shaded","section":"Shading Mode"},"sceneLighting":false,"audioPlay":false,"sceneViewState":{"showFog":true,"showMaterialUpdate":false,"showSkybox":false,"showFlares":true,"showImageEffects":true,"showParticleSystems":true},"in2DMode":false,"pivot":{"x":25.27654266357422,"y":51.074859619140628,"z":-17.349685668945314},"rotation":{"x":0.026749765500426294,"y":0.9607325196266174,"z":-0.09979239106178284,"w":0.2575291097164154},"size":108.64303588867188,"orthographic":false}