{"cameraMode":{"drawMode":0,"name":"Shaded","section":"Shading Mode"},"sceneLighting":false,"audioPlay":false,"sceneViewState":{"showFog":true,"showMaterialUpdate":false,"showSkybox":false,"showFlares":true,"showImageEffects":true,"showParticleSystems":true},"in2DMode":false,"pivot":{"x":8.041537284851075,"y":7.766875267028809,"z":-3.449126958847046},"rotation":{"x":0.013702662661671639,"y":0.9696629643440247,"z":-0.23761089146137238,"w":0.05592980235815048},"size":2.530752420425415,"orthographic":false}