{"cameraMode":{"drawMode":0,"name":"Shaded","section":"Shading Mode"},"sceneLighting":false,"audioPlay":false,"sceneViewState":{"showFog":true,"showMaterialUpdate":false,"showSkybox":false,"showFlares":true,"showImageEffects":true,"showParticleSystems":true},"in2DMode":false,"pivot":{"x":19.07079315185547,"y":16.713163375854493,"z":-12.02682876586914},"rotation":{"x":-0.002249322133138776,"y":-0.9974595904350281,"z":0.06173091009259224,"w":-0.03626258298754692},"size":32.66632843017578,"orthographic":false}