{"cameraMode":{"drawMode":0,"name":"Shaded","section":"Shading Mode"},"sceneLighting":false,"audioPlay":false,"sceneViewState":{"showFog":true,"showMaterialUpdate":false,"showSkybox":false,"showFlares":true,"showImageEffects":true,"showParticleSystems":true},"in2DMode":false,"pivot":{"x":-0.08879854530096054,"y":-0.1726715862751007,"z":0.4670477509498596},"rotation":{"x":-0.20010608434677125,"y":0.16171759366989137,"z":-0.0335095077753067,"w":-0.9657602906227112},"size":0.6452344655990601,"orthographic":false}